A
AALO - Arabic & Asian Language (AALO)
ACCT - Accounting (ACCT)
AERO - Aerospace Engineering (AERO)
AERS - Aerospace Studies (AERS)
AFST - Africana Studies (AFST)
AGCJ - Ag Comm & Journalism (AGCJ)
AGEC - Agricultural Economics (AGEC)
AGLS - Ag & Life Sciences (AGLS)
AGSC - Agricultural Science (AGSC)
AGSM - Agricultrl Systems Mgmt (AGSM)
ALEC - Ag Leadrshp, Ed & Comm (ALEC)
ALED - Ag Leadership & Dev (ALED)
ANSC - Animal Science (ANSC)
ANTH - Anthropology (ANTH)
ARAB - Arabic (ARAB)
ARCH - Architecture (ARCH)
AREN - Architectural Engr (AREN)
ARSC - Arts & Sciences (ARSC)
ARTS - Art (ARTS)
ASCC - Academic Success Center (ASCC)
ASIA - Asian Studies (ASIA)
ASTR - Astronomy (ASTR)
ATMO - Atmospheric Sciences (ATMO)
ATTR - Athletic Training (ATTR)
B
BAEN - Biological & Ag Engr (BAEN)
BEFB - Bilingual Ed Field Based (BEFB)
BESC - Bioenvironmental Sci (BESC)
BICH - Biochemistry (BICH)
BIMS - Biomedical Science (BIMS)
BIOL - Biology (BIOL)
BMEN - Biomedical Engineering (BMEN)
BOTN - Botany (BOTN)
BUSH - Geo Bush School of Gov (BUSH)
BUSN - Mays Business School (BUSN)
C
CARC - College of Architecture (CARC)
CEHD - Coll of Ed & Human Dev (CEHD)
CHEM - Chemistry (CHEM)
CHEN - Chemical Engineering (CHEN)
CHIN - Chinese (CHIN)
CLAS - Classics (CLAS)
CLEN - College of Engineering (CLEN)
COMM - Communication (COMM)
COSC - Construction Science (COSC)
CSCE - Computer Sci & Engr (CSCE)
CVEN - Civil Engineering (CVEN)
CYBR - Cybersecurity (CYBR)
D
DAEN - Data Engineering (DAEN)
DASC - Dairy Science (DASC)
DCED - Dance Education (DCED)
DDHS - Dental Hygiene (DDHS)
DIVE - Diving Tech and Methods (DIVE)
E
ECCB - Eco & Conservation Biol (ECCB)
ECEN - Electrical & Comp Engr (ECEN)
ECHE - Early Chldhd Ed Fld Based (ECHE)
ECMT - Econometrics (ECMT)
ECON - Economics (ECON)
EDCI - Educ Curriculum & Dev (EDCI)
EHRD - Ed Human Res Develop (EHRD)
ENDG - Engr Design Graphics (ENDG)
ENDS - Environmental Design (ENDS)
ENGL - English (ENGL)
ENGR - Engineering (ENGR)
ENST-Environmental Studies (ENST)
ENTC - Engineering Technology (ENTC)
ENTO - Entomology (ENTO)
EPFB - Educ Psyc Field Based (EPFB)
EPSY - Educational Psychology (EPSY)
ESET - Electronic Sys Eng Tech (ESET)
ESSM Ecosystem Science & Mgmt (ESSM)
EURO - European Studies (EURO)
EVEN - Environmental Engr (EVEN)
F
FILM - Film Studies (FILM)
FINC - Finance (FINC)
FINP - Financial Planning (FINP)
FIVS - Forensic & Inv Science (FIVS)
FREN - French (FREN)
FRSC - Forest Science (FRSC)
FSCI - Foundational Sciences (FSCI)
FSTC - Food Science & Tech (FSTC)
FYEX - First Year Experience (FYEX)
G
GALV - TAMUG Study Abroad (GALV)
GENE - Genetics (GENE)
GEOG - Geography (GEOG)
GEOL - Geology (GEOL)
GEOP - Geophysics (GEOP)
GEOS - Geosciences (GEOS)
GERM - German (GERM)
H
HBRW - Hebrew (HBRW)
HEFB - Health Ed Field Based (HEFB)
HHUM - Health Humanities (HHUM)
HISP - Hispanic Studies (HISP)
HIST - History (HIST)
HLTH - Health (HLTH)
HMGT - Hosp, Hotel Mgmt, Tour (HMGT)
HORT - Horticultural Sciences (HORT)
HUMA - Humanities (HUMA)
I
IBUS - International Business (IBUS)
IDIS - Industrial Distribution (IDIS)
INST - Interdisciplinary Studies (INST)
INTA - International Affairs (INTA)
INTS - International Studies (INTS)
ISEN - Indust & Systems Engr (ISEN)
ISTM - Mgmt Info Systems (ISTM)
ITAL - Italian (ITAL)
ITDE - Interdisciplinary Engr (ITDE)
ITSV - Info Tech Service Mgmt (ITSV)
J
JAPN - Japanese (JAPN)
JOUR - Journalism (JOUR)
JWST- Jewish Studies (JWST)
K
KINE - Kinesiology (KINE)
KNFB - Kinesiology Field Based (KNFB)
L
LAND - Landscape Architecture (LAND)
LDEV - Land Development (LDEV)
LING - Linguistics (LING)
LMAS - Latino/Mex Amer Studies (LMAS)
M
MARA - Maritime Administration (MARA)
MARB - Marine Biology (MARB)
MARE - Marine Engr Technology (MARE)
MARR - Marine Engr Technology (MARR)
MARS - Marine Science (MARS)
MART - Marine Transportation (MART)
MASC - Integrated Math & Sci (MASC)
MASE - Maritime Systems Engr (MASE)
MAST - Maritime Studies (MAST)
MATH - Mathematics (MATH)
MEEN - Mechanical Engineering (MEEN)
MEFB - Mid Grds Ed Field Based (MEFB)
MEPS - Molecular & Env Plant Sci (MEPS)
METR - Meteorology (METR)
MGMT - Management (MGMT)
MICR - Microbiology (MICR)
MKTG - Marketing (MKTG)
MLSC - Military Science (MLSC)
MMET - Mfg & Mech Engr Tech (MMET)
MODL - Modern Languages (MODL)
MSEN - Materials Science & Engr (MSEN)
MTDE - Multidisciplinary Engr (MTDE)
MUSC - Music (MUSC)
MUST - Museum Studies (MUST)
MXET - Multidiscip Engr Tech (MXET)
N
NAUT - Nautical Science (NAUT)
NRSC - Neuroscience (NRSC)
NUEN - Nuclear Engineering (NUEN)
NURS - Nursing (NURS)
NUTR - Nutrition (NUTR)
NVSC - Naval Science (NVSC)
O
OCEN - Ocean Engineering (OCEN)
OCNG - Oceanography (OCNG)
P
PBSI - Psyc & Brain Sciences (PBSI)
PERF - Performance Studies (PERF)
PETE - Petroleum Engineering (PETE)
PHIL - Philosophy (PHIL)
PHLT - Public Health (PHLT)
PHYS - Physics (PHYS)
PLPA - Plant Pathology (PLPA)
POLS - Political Science (POLS)
PORT - Portuguese (PORT)
POSC - Poultry Science (POSC)
PVFA - Perf Vis Fine Arts (PVFA)
R
RDNG - Reading (RDNG)
RELS - Religious Studies (RELS)
RENR - Renewable Natural Resrces (RENR)
RPTS - Rec, Park & Tourism Sci (RPTS)
RUSS - Russian (RUSS)
RWFM - Rang Wild & Fish Mgmt (RWFM)
S
SCMT - Supply Chain Mgmt (SCMT)
SCSC - Soil and Crop Sciences (SCSC)
SEFB - Special Ed Field Based (SEFB)
SENG - Safety Engineering (SENG)
SOCI - Sociology (SOCI)
SOMS - Schl of Military Sciences (SOMS)
SPAN - Spanish (SPAN)
SPED - Special Education (SPED)
SPMT - Sport Management (SPMT)
STAT - Statistics (STAT)
T
TCMG - Technology Management (TCMG)
TEED - Teacher Education (TEED)
TEFB - Teacher Ed Field Based (TEFB)
U
UGST - Undergraduate Studies (UGST)
URPN - Urban & Reg Planning (URPN)
V
VIBS - Vet Integrative Biosci (VIBS)
VIST - Visual Studies (VIST)
VLCS - Vet Large Animal Clin Sc (VLCS)
VSCS - Vet Small Animal Clin Sc (VSCS)
VTPB - Veterinary Pathobiology (VTPB)
VTPP - Vet Physiology & Pharm (VTPP)
W
WFSC - Wildlife & Fisheries Sci (WFSC)
WGST - Women's & Gender Studies (WGST)
Z
ZOOL - Zoology (ZOOL)